"analysis","b0","b1","log_intercept0","scaling0","sigma_pop"
"allmonuments","11.9114389365039","-18.6984035699245","23.0065049510053","-23.0875560104506","12.558966975847"
