"analysis","b0","b1","intercept","scaling","sigma","sigma_pop"
"allmonuments","0.244109461240474","-0.203295184363717","0.0410585263203452","-0.076822637176871","-0.45495190346253","0.663809660620502"
"analysis","b0","b1","intercept","scaling","sigma","sigma_pop"
"allwalls","-0.618175885935228","0.697932113252879","0.92413093749708","-0.993705609917711","1.61549024810361","0.454411096479614"
"filtmonuments","0.342011428036864","-0.40824444274337","-0.465713812117874","0.51566767033278","-1.12396635953327","-0.160808446309032"
"temples","1.13209051606128","-1.09306313712104","-1.06082955739619","1.04972037375347","-1.21095357141159","0.396076946177198"
