"chain","model","parameter","z"
1,"hnwi","intercept",-1.28678061560116
1,"hnwi","scaling",0.804632565077061
1,"hnwi","size",-1.03598400536951
2,"hnwi","intercept",-1.28391232758307
2,"hnwi","scaling",1.30492149706276
2,"hnwi","size",0.70800371958712
3,"hnwi","intercept",0.248654066391105
3,"hnwi","scaling",-0.226275733994457
3,"hnwi","size",-0.118674848991323
4,"hnwi","intercept",1.14699671924843
4,"hnwi","scaling",-1.06985385937341
4,"hnwi","size",-0.751773445822871
