"analysis","b0","b1","intercept0","scaling0","sigma_pop"
"allmonuments","-4.29893107286465","4.46734613216365","2.5497258841481","-2.40973374556655","3.13633612318434"
