"chain","model","parameter","z"
1,"hnwi","intercept",1.09924251969314
1,"hnwi","scaling",-1.05422165399007
1,"hnwi","size",-1.00461541111298
2,"hnwi","intercept",-1.11192582747356
2,"hnwi","scaling",1.11382605711607
2,"hnwi","size",-0.0995490142611313
3,"hnwi","intercept",-0.761971388688895
3,"hnwi","scaling",0.734572231176942
3,"hnwi","size",-0.598974064922965
4,"hnwi","intercept",1.56011924582431
4,"hnwi","scaling",-1.57441521280955
4,"hnwi","size",2.30450458592612
