"analysis","b0","b1","intercept0","scaling0","sigma_pop"
"allmonuments","2.41940881913072","-2.92082663391736","-1.79593139579061","1.64968911863405","-2.2841664521152"
