"analysis","b0","b1","intercept","scaling","sigma","sigma_pop"
"allmonuments","-3.11406328068898","3.22911920251304","0.779535083143912","-0.527951527701134","-2.09122980585397","4.13560959675146"
"filtmonuments","-1.66531750091872","2.33534003708708","1.39790350992309","-1.45977831109463","2.54829706187952","0.243643586845313"
"temples","0.383000643635659","-0.195108507392446","-0.713355154359393","0.612934366490385","1.77466043930114","-3.57695531272999"
