"parameter","point_estimate","upper_ci"
"intercept",1.00001987873794,1.00003345604203
"scaling",1.00002674941156,1.00004190705324
"size",1.00015528300228,1.00056427999478
