"parameter","point_estimate","upper_ci"
"intercept",0.999980624624859,1.00001456248989
"scaling",1.00000331582342,1.0000703842423
"size",1.00010929925172,1.00036845737884
