"parameter","point_estimate","upper_ci"
"intercept",1.00008637589732,1.00031583954187
"scaling",1.00008762630136,1.00032307679052
"size",1.00000360233283,1.00001328770381
