"parameter","point_estimate","upper_ci"
"intercept",1.00030817705218,1.00111030352116
"scaling",1.00031439651685,1.00115517104311
"size",1.00007646325458,1.00043908245549
