"parameter","point_estimate","upper_ci"
"intercept",1.0002370761918,1.00078340128019
"scaling",1.00023834127599,1.00077198869033
"size",1.00003571095506,1.00011913125156
