"parameter","point_estimate","upper_ci"
"intercept",1.00005544697902,1.00026232526495
"scaling",1.00003144649618,1.00016741470778
"size",1.00033502727744,1.0011056976358
