"parameter","point_estimate","upper_ci"
"intercept",1.00004932048394,1.00022905456979
"scaling",1.00004109415246,1.00019861558644
"size",1.00003176147674,1.00015947935186
