"parameter","point_estimate","upper_ci"
"intercept",1.00024363319455,1.00096253230015
"scaling",1.00022560402226,1.0009018492061
"size",1.00016862354481,1.00071861401745
