"parameter","point_estimate","upper_ci"
"intercept",1.0000155842851,1.00012202027767
"scaling",1.00000813806657,1.00010413840825
"size",0.999974115620308,0.999989697813352
