"Estimate","SE"
"elpd_loo",-1159.11503397787,51.0048828924371
"p_loo",34.9937335904886,7.65411156893716
"looic",2318.23006795574,102.009765784874
