"Estimate","SE"
"elpd_loo",-2625.49777312803,29.0789356050328
"p_loo",144.845800984175,9.48846815738446
"looic",5250.99554625606,58.1578712100657
