"Estimate","SE"
"elpd_loo",-1159.53644390823,51.1087472242016
"p_loo",35.5356088942789,7.81789085865378
"looic",2319.07288781646,102.217494448403
