"Estimate","SE"
"elpd_loo",-2625.748972876,29.080012515666
"p_loo",145.557749162069,9.55207460318621
"looic",5251.497945752,58.1600250313319
