"Estimate","SE"
"elpd_loo",-1108.46864320657,47.1470757067414
"p_loo",82.0900911454003,8.80256450336773
"looic",2216.93728641313,94.2941514134827
