"Estimate","SE"
"elpd_loo",-1347.03589914433,25.5412571246308
"p_loo",44.2615654210589,5.48880720825345
"looic",2694.07179828865,51.0825142492615
