"Estimate","SE"
"elpd_loo",-2434.67346146882,29.0718495312335
"p_loo",127.512792085176,7.38246254331137
"looic",4869.34692293764,58.143699062467
