"Estimate","SE"
"elpd_loo",-2625.34193904921,28.9886411020674
"p_loo",145.485609809866,9.39473606716038
"looic",5250.68387809842,57.9772822041348
