"Estimate","SE"
"elpd_loo",-2469.59942677562,38.6213807243192
"p_loo",83.2052794260072,7.76187770847388
"looic",4939.19885355125,77.2427614486384
