"Estimate","SE"
"elpd_loo",-2434.70890665599,28.9989939022229
"p_loo",128.194630045662,7.27820391531126
"looic",4869.41781331197,57.9979878044459
