"Estimate","SE"
"elpd_loo",-736.15574962648,19.7948067549094
"p_loo",3.68944156670208,1.05336263627326
"looic",1472.31149925296,39.5896135098188
