"Estimate","SE"
"elpd_loo",-764.843466739312,21.4437150451266
"p_loo",2.94783952021862,1.13813764023244
"looic",1529.68693347862,42.8874300902531
