"Estimate","SE"
"elpd_loo",-300.29302960782,12.2402928866917
"p_loo",4.39959479393204,2.01565578800575
"looic",600.586059215639,24.4805857733835
