"Estimate","SE"
"elpd_loo",-2470.03499521159,38.8187938708686
"p_loo",84.1406724485367,7.96324699114255
"looic",4940.06999042318,77.6375877417373
