"Estimate","SE"
"elpd_loo",-301.999629869516,11.4671424696385
"p_loo",2.50636325957073,0.552946757366535
"looic",603.999259739031,22.9342849392769
