"Estimate","SE"
"elpd_loo",-736.135585108664,19.7865776610384
"p_loo",3.6693497834795,1.0465678073851
"looic",1472.27117021733,39.5731553220768
