"Estimate","SE"
"elpd_loo",-2663.23721960043,41.6182081114396
"p_loo",94.7028698774773,9.67077688416946
"looic",5326.47443920087,83.2364162228792
