"Estimate","SE"
"elpd_loo",-1108.7415340129,47.2065429660822
"p_loo",83.5043141058088,8.97360982657863
"looic",2217.48306802581,94.4130859321644
