"Estimate","SE"
"elpd_loo",-1347.29598249217,25.5182191076202
"p_loo",45.1205200334753,5.51638861416045
"looic",2694.59196498434,51.0364382152403
