"Estimate","SE"
"elpd_loo",-2663.88289319315,41.770222979481
"p_loo",96.1797273621085,9.89905231386891
"looic",5327.76578638631,83.5404459589621
