"Estimate","SE"
"elpd_loo",-764.846052147282,21.4378474578924
"p_loo",2.94495533253495,1.1400924023147
"looic",1529.69210429456,42.8756949157849
