"Estimate","SE"
"elpd_loo",-1331.12486675319,20.4118985783774
"p_loo",132.636977483423,9.22317663608008
"looic",2662.24973350637,40.8237971567549
