"Estimate","SE"
"elpd_loo",-1158.65486645181,51.0383240178172
"p_loo",34.9481037006994,7.61685048107549
"looic",2317.30973290362,102.076648035634
