"Estimate","SE"
"elpd_loo",-301.972601845436,11.4435276945838
"p_loo",2.47452603527261,0.528971218438691
"looic",603.945203690872,22.8870553891677
