"Estimate","SE"
"elpd_loo",-1336.28316294677,21.8260510102155
"p_loo",76.5333348006458,8.31312035901367
"looic",2672.56632589354,43.6521020204309
