"Estimate","SE"
"elpd_loo",-300.292721697256,12.2547823962102
"p_loo",4.40013980211558,2.0272046577002
"looic",600.585443394512,24.5095647924205
